Renvoyé,ID de commande,Région
Oui,CA-2012-SA20830140-41210,Centre des États-Unis
Oui,IN-2012-PB19210127-41259,Asie de l'Est
Oui,CA-2012-SC20095140-41174,Centre des États-Unis
Oui,IN-2015-JH158207-42140,Océanie
Oui,IN-2014-LC168857-41747,Océanie
Oui,ID-2013-AB1001527-41439,Asie de l'Est
Oui,ES-2015-RA1994545-42218,Europe de l'Ouest
Oui,CA-2014-TB21280140-41724,Centre des États-Unis
Oui,ES-2014-JF15295120-41924,Europe du Sud
Oui,IN-2014-NM1844527-41800,Asie de l'Est
Oui,IN-2015-GB145307-42260,Océanie
Oui,ES-2012-SC208458-41070,Europe de l'Ouest
Oui,TU-2013-SF10200134-41417,Asie de l'Ouest
Oui,ID-2015-RD1993092-42140,Océanie
Oui,CA-2014-TC21295140-41800,Sud des États-Unis
Oui,SF-2015-MV8190117-42362,Afrique australe
Oui,IN-2014-EM1382566-41850,Asie de l'Est
Oui,ES-2015-CC1210045-42182,Europe de l'Ouest
Oui,ES-2015-MM1792045-42199,Europe de l'Ouest
Oui,IN-2015-DB1306027-42353,Asie de l'Est
Oui,IN-2013-JC157757-41310,Océanie
Oui,CA-2015-RB19705140-42262,Est des États-Unis
Oui,ES-2015-BB1154548-42336,Europe de l'Ouest
Oui,AL-2012-SC102302-40970,Europe du Sud
Oui,UP-2014-MC7275137-41997,Europe de l'Est
Oui,IN-2013-EJ13720113-41608,Asie du Sud-Est
Oui,CA-2012-AJ10780140-41212,Est des États-Unis
Oui,CA-2014-EM14140140-41822,Ouest des États-Unis
Oui,ES-2015-RD19585120-42007,Europe du Sud
Oui,US-2014-SC20230140-41873,Ouest des États-Unis
Oui,IN-2013-JR1570058-41441,Asie du Sud
Oui,IN-2013-DL129257-41418,Océanie
Oui,ES-2014-EG1390045-41644,Europe de l'Ouest
Oui,ES-2013-DB1297045-41458,Europe de l'Ouest
Oui,CA-2014-CL12565140-41768,Est des États-Unis
Oui,ES-2014-EB13930139-41962,Europe du Nord
Oui,IN-2015-ML1739559-42369,Asie du Sud-Est
Oui,SA-2015-MC7575110-42326,Asie de l'Ouest
Oui,CA-2014-SS1041023-41995,Est du Canada
Oui,ID-2015-ST205307-42336,Océanie
Oui,MX-2012-AH1003082-41251,Amérique centrale
Oui,ID-2015-MM1726078-42181,Asie du Sud-Est
Oui,IT-2015-DM1301564-42167,Europe du Sud
Oui,IN-2015-JW1595527-42190,Asie de l'Est
Oui,CA-2013-SG20080140-41578,Ouest des États-Unis
Oui,IN-2014-PF1912027-41916,Asie de l'Est
Oui,US-2015-AG1052582-42355,Amérique centrale
Oui,IN-2015-PB191057-42281,Océanie
Oui,MX-2015-BS1136518-42199,Amérique du Sud
Oui,IT-2012-MP1817545-41040,Europe de l'Ouest
Oui,IN-2014-BT1168027-41815,Asie de l'Est
Oui,IN-2013-MH180257-41443,Océanie
Oui,ID-2015-LW172157-42293,Océanie
Oui,MX-2014-KA1652539-41922,Amérique centrale
Oui,ID-2015-CS123557-42328,Océanie
Oui,IN-2015-KM163757-42342,Océanie
Oui,MX-2013-PK1891082-41532,Amérique centrale
Oui,ES-2015-BT1139564-42088,Europe du Sud
Oui,MX-2013-CC1243082-41634,Amérique centrale
Oui,IT-2015-AR1082545-42290,Europe de l'Ouest
Oui,ID-2014-CS11860102-41858,Asie du Sud-Est
Oui,IN-2014-AB1060058-41858,Asie du Sud
Oui,IN-2012-CG1204027-41252,Asie de l'Est
Oui,AG-2013-PO88653-41634,Afrique du Nord
Oui,EG-2015-CM211538-42144,Afrique du Nord
Oui,ES-2015-BN1151545-42304,Europe de l'Ouest
Oui,IN-2014-CL1189066-41999,Asie de l'Est
Oui,ID-2015-AA1064559-42332,Asie du Sud-Est
Oui,ES-2014-JK1609064-41800,Europe du Sud
Oui,IN-2015-CD1192059-42326,Asie du Sud-Est
Oui,IN-2012-ES1408027-40941,Asie de l'Est
Oui,MX-2013-DO1364512-41461,Caraïbes
Oui,CG-2013-SC1030533-41538,Afrique centrale
Oui,SI-2015-SM10005115-42252,Europe du Sud
Oui,IN-2012-GT1471058-41158,Asie du Sud
Oui,ID-2013-SC2080059-41380,Asie du Sud-Est
Oui,MX-2013-HF1499518-41423,Amérique du Sud
Oui,ES-2012-AG1049545-41002,Europe de l'Ouest
Oui,IN-2015-SD2048527-42259,Asie de l'Est
Oui,CA-2012-PC18745140-41273,Est des États-Unis
Oui,US-2015-DH13075140-42092,Ouest des États-Unis
Oui,ES-2015-LR1691545-42237,Europe de l'Ouest
Oui,SF-2015-CD1920117-42055,Afrique australe
Oui,ES-2012-TT2146045-41014,Europe de l'Ouest
Oui,IN-2015-PS1904558-42272,Asie du Sud
Oui,CA-2015-KL16555140-42313,Sud des États-Unis
Oui,US-2013-PO1918082-41504,Amérique centrale
Oui,ID-2015-JG15310130-42133,Asie du Sud-Est
Oui,ES-2014-MG17680120-41867,Europe du Sud
Oui,ES-2015-RA1994548-42249,Europe de l'Ouest
Oui,IT-2015-KD1634545-42238,Europe de l'Ouest
Oui,CA-2012-DP13165140-41244,Est des États-Unis
Oui,CA-2014-EH13765140-41997,Ouest des États-Unis
Oui,ID-2015-TB214007-42322,Océanie
Oui,MX-2013-ES1408018-41619,Amérique du Sud
Oui,IN-2012-TB2152059-41207,Asie du Sud-Est
Oui,ES-2012-MR1754564-41157,Europe du Sud
Oui,IN-2015-GW1460558-42173,Asie du Sud
Oui,CA-2013-JK15205140-41544,Sud des États-Unis
Oui,IN-2015-GM1445558-42273,Asie du Sud
Oui,CA-2015-MG18145140-42285,Ouest des États-Unis
Oui,CA-2013-EM13960140-41548,Ouest des États-Unis
Oui,ES-2014-RM1937545-41643,Europe de l'Ouest
Oui,IN-2012-GG1465027-40992,Asie de l'Est
Oui,IN-2014-TB2140066-41873,Asie de l'Est
Oui,MX-2015-MP1796518-42189,Amérique du Sud
Oui,US-2012-LT17110140-41060,Sud des États-Unis
Oui,ES-2013-BF1117048-41527,Europe de l'Ouest
Oui,ID-2013-CC126857-41572,Océanie
Oui,ES-2013-AJ1094548-41444,Europe de l'Ouest
Oui,US-2015-GZ14545140-42212,Ouest des États-Unis
Oui,ES-2015-BM1165045-42176,Europe de l'Ouest
Oui,ID-2014-RD197207-41776,Océanie
Oui,MX-2015-DB1336018-42280,Amérique du Sud
Oui,US-2012-CV12295140-40995,Centre des États-Unis
Oui,IT-2013-BF1102045-41418,Europe de l'Ouest
Oui,IN-2015-LT1676511-42286,Asie du Sud
Oui,IN-2015-VB217451-42349,Asie du Sud
Oui,IT-2014-JG15115104-41952,Europe du Sud
Oui,MX-2012-JP1552018-41174,Amérique du Sud
Oui,MX-2012-RD1993051-41223,Amérique centrale
Oui,IN-2015-AT1043559-42243,Asie du Sud-Est
Oui,IN-2012-SC2069559-41248,Asie du Sud-Est
Oui,ES-2012-ER13855120-41159,Europe du Sud
Oui,ES-2012-TB2162545-41262,Europe de l'Ouest
Oui,ES-2013-CM124458-41375,Europe de l'Ouest
Oui,US-2012-BF11170140-41266,Ouest des États-Unis
Oui,ID-2014-CJ1187592-41831,Océanie
Oui,RS-2015-GG4650108-42102,Europe de l'Est
Oui,ES-2015-KA1652545-42353,Europe de l'Ouest
Oui,MX-2014-CW1190593-41788,Amérique centrale
Oui,MX-2015-SV2078582-42347,Amérique centrale
Oui,ES-2012-DJ1351048-40923,Europe de l'Ouest
Oui,CA-2014-HF14995140-41761,Sud des États-Unis
Oui,CA-2014-CL12565140-41788,Ouest des États-Unis
Oui,CA-2012-LR16915140-41128,Ouest des États-Unis
Oui,CA-2015-KH16510140-42347,Ouest des États-Unis
Oui,MX-2015-KC1667518-42070,Amérique du Sud
Oui,CA-2014-ON18715140-41959,Sud des États-Unis
Oui,IN-2013-MA1799559-41314,Asie du Sud-Est
Oui,IS-2014-RA928563-41916,Asie de l'Ouest
Oui,IN-2012-TB2162588-41177,Asie du Sud-Est
Oui,IN-2012-MC1784559-41116,Asie du Sud-Est
Oui,ID-2014-KH16690144-41991,Asie du Sud-Est
Oui,ES-2015-AT1073545-42367,Europe de l'Ouest
Oui,ES-2014-PO1885048-41898,Europe de l'Ouest
Oui,CA-2015-EB13750140-42111,Sud des États-Unis
Oui,EG-2015-AC66038-42250,Afrique du Nord
Oui,IN-2013-TH2111558-41488,Asie du Sud
Oui,ES-2012-GH14485139-41054,Europe du Nord
Oui,ES-2014-LL1684048-41986,Europe de l'Ouest
Oui,CA-2014-NS18640140-41985,Est des États-Unis
Oui,ID-2012-MD1786059-40965,Asie du Sud-Est
Oui,ES-2012-TB2140048-40968,Europe de l'Ouest
Oui,RS-2015-TB11520108-42126,Europe de l'Est
Oui,ID-2015-BG1169588-42012,Asie du Sud-Est
Oui,CA-2014-ES14020140-41802,Est des États-Unis
Oui,ES-2015-HG14965120-42080,Europe du Sud
Oui,MX-2012-SW2075593-41250,Amérique centrale
Oui,CA-2012-BP11095140-41261,Ouest des États-Unis
Oui,IN-2014-BG110357-41735,Océanie
Oui,ES-2015-EB1417064-42012,Europe du Sud
Oui,MX-2015-EH1418531-42166,Caraïbes
Oui,IN-2015-DS1303058-42173,Asie du Sud
Oui,CA-2015-AG10900140-42126,Sud des États-Unis
Oui,ES-2013-DE1325545-41278,Europe de l'Ouest
Oui,SA-2013-JD6150110-41600,Asie de l'Ouest
Oui,ID-2015-HA1490592-42287,Océanie
Oui,CA-2013-IM15070140-41459,Centre des États-Unis
Oui,US-2015-TZ2144518-42259,Amérique du Sud
Oui,ES-2015-DK1309045-42158,Europe de l'Ouest
Oui,MX-2013-PT1909082-41579,Amérique centrale
Oui,ES-2015-EB141108-42267,Europe de l'Ouest
Oui,SF-2014-JD6060117-41648,Afrique australe
Oui,ES-2015-AR1051045-42234,Europe de l'Ouest
Oui,IN-2013-CL1270027-41555,Asie de l'Est
Oui,ES-2015-AH1012045-42057,Europe de l'Ouest
Oui,IT-2013-ZD2192548-41503,Europe de l'Ouest
Oui,IN-2014-DJ1342058-41646,Asie du Sud
Oui,ES-2014-LC1705048-41718,Europe de l'Ouest
Oui,MX-2014-AJ1096031-41801,Caraïbes
Oui,CA-2014-CP12340140-41808,Est des États-Unis
Oui,IN-2013-JK1609027-41615,Asie de l'Est
Oui,AJ-2013-SG108909-41580,Asie de l'Ouest
Oui,MX-2015-DV1304593-42215,Amérique centrale
Oui,ES-2013-TP2156545-41598,Europe de l'Ouest
Oui,US-2015-HG1484551-42171,Amérique centrale
Oui,IN-2014-AM103607-41864,Océanie
Oui,CA-2015-DO13645140-42263,Ouest des États-Unis
Oui,ES-2014-JP1552045-41871,Europe de l'Ouest
Oui,MX-2013-JR1621037-41627,Amérique du Sud
Oui,MX-2013-RL1961582-41572,Amérique centrale
Oui,ES-2014-EP1391548-42004,Europe de l'Ouest
Oui,IN-2013-CD1228058-41311,Asie du Sud
Oui,MX-2013-EC1405018-41599,Amérique du Sud
Oui,MX-2013-PO1885051-41338,Amérique centrale
Oui,CA-2012-FP14320140-41251,Est des États-Unis
Oui,MX-2012-YS2188093-41060,Amérique centrale
Oui,IN-2013-CC1261027-41286,Asie de l'Est
Oui,IN-2014-DB1321027-41899,Asie de l'Est
Oui,MX-2014-JR1570036-41775,Caraïbes
Oui,CA-2013-VD21670140-41583,Sud des États-Unis
Oui,CA-2014-BM11785140-41835,Centre des États-Unis
Oui,ES-2014-JP16135139-41899,Europe du Nord
Oui,US-2012-KB1631598-41064,Amérique centrale
Oui,IN-2012-AM10705130-41151,Asie du Sud-Est
Oui,MX-2015-SC2038093-42151,Amérique centrale
Oui,GH-2013-MH729049-41615,Afrique de l'Ouest
Oui,IN-2013-NC1834058-41385,Asie du Sud
Oui,CA-2013-EB14110140-41377,Ouest des États-Unis
Oui,IN-2015-JF1549078-42334,Asie du Sud-Est
Oui,ID-2015-HM148607-42243,Océanie
Oui,CA-2014-NS18505140-41968,Centre des États-Unis
Oui,ID-2013-AO1081059-41556,Asie du Sud-Est
Oui,CA-2015-VW21775140-42326,Est des États-Unis
Oui,MO-2013-NK849086-41366,Afrique du Nord
Oui,IN-2014-KL1655592-41857,Océanie
Oui,CA-2014-SN20560140-41817,Centre des États-Unis
Oui,MX-2014-SJ2012539-41908,Amérique centrale
Oui,MX-2015-DP1316593-42293,Amérique centrale
Oui,ES-2013-MN1793548-41466,Europe de l'Ouest
Oui,SA-2014-SJ10125110-41944,Asie de l'Ouest
Oui,IT-2015-ME18010124-42235,Europe du Nord
Oui,CA-2015-AD10180140-42340,Est des États-Unis
Oui,ID-2014-TB2125059-41973,Asie du Sud-Est
Oui,IN-2013-PS187607-41402,Océanie
Oui,CA-2012-MC17425140-41058,Centre des États-Unis
Oui,US-2014-DA134505-41926,Amérique du Sud
Oui,ID-2015-EN137807-42312,Océanie
Oui,MX-2015-CB1241598-42333,Amérique centrale
Oui,HU-2015-JP552057-42249,Europe de l'Est
Oui,CA-2012-KH16630140-41213,Sud des États-Unis
Oui,CA-2012-BS11755140-41046,Est des États-Unis
Oui,US-2015-SJ2021554-42255,Caraïbes
Oui,MX-2012-KT1646518-41017,Amérique du Sud
Oui,MX-2015-AS1028518-42351,Amérique du Sud
Oui,MX-2015-SC2068082-42231,Amérique centrale
Oui,ES-2014-MW1822048-41998,Europe de l'Ouest
Oui,MX-2013-MF1766551-41402,Amérique centrale
Oui,CA-2014-JM15535140-41998,Est des États-Unis
Oui,CA-2012-CC247523-41031,Est du Canada
Oui,CA-2012-NC18535140-41112,Ouest des États-Unis
Oui,IN-2013-MM172607-41395,Océanie
Oui,IN-2013-PR1888027-41430,Asie de l'Est
Oui,NI-2014-RA994595-41979,Afrique de l'Ouest
Oui,US-2012-RB19435140-41237,Ouest des États-Unis
Oui,ES-2014-LP17095139-41772,Europe du Nord
Oui,MX-2014-FA1423055-41976,Amérique centrale
Oui,IN-2014-SH19975130-41975,Asie du Sud-Est
Oui,CA-2014-GK14620140-41753,Ouest des États-Unis
Oui,US-2012-DK1289598-41166,Amérique centrale
Oui,ES-2014-AB10165139-41888,Europe du Nord
Oui,US-2014-SP20860140-41968,Ouest des États-Unis
Oui,IT-2012-GD1459091-40988,Europe de l'Ouest
Oui,IN-2014-NB1865527-41858,Asie de l'Est
Oui,PL-2012-JD5790103-41249,Europe de l'Est
Oui,KE-2015-JH598569-42317,Afrique de l'Est
Oui,MX-2014-DC1328518-41751,Amérique du Sud
Oui,ES-2014-HG1502548-41783,Europe de l'Ouest
Oui,IV-2014-AM70529-41678,Afrique de l'Ouest
Oui,RO-2014-ND8370107-41839,Europe de l'Est
Oui,EG-2015-AY55538-42121,Afrique du Nord
Oui,MO-2014-KH669086-41830,Afrique du Nord
Oui,IN-2014-SR2074027-41767,Asie de l'Est
Oui,IN-2013-MF176657-41300,Océanie
Oui,ES-2013-HM1498064-41289,Europe du Sud
Oui,MX-2015-DL1331582-42335,Amérique centrale
Oui,US-2013-MW1822036-41387,Caraïbes
Oui,US-2014-BG11695140-42001,Centre des États-Unis
Oui,MX-2014-SW2075582-41811,Amérique centrale
Oui,MO-2014-MO795086-41706,Afrique du Nord
Oui,MX-2015-PO1885082-42279,Amérique centrale
Oui,US-2014-DR12880140-41723,Ouest des États-Unis
Oui,CA-2012-AG10525140-41153,Centre des États-Unis
Oui,IT-2013-KH1669045-41490,Europe de l'Ouest
Oui,US-2012-JP155205-41153,Amérique du Sud
Oui,CG-2015-AM70533-42233,Afrique centrale
Oui,CA-2015-AJ10945140-42248,Centre des États-Unis
Oui,MX-2013-SO2033526-41400,Amérique du Sud
Oui,IN-2012-TS2150559-40990,Asie du Sud-Est
Oui,CA-2015-MV17485140-42333,Ouest des États-Unis
Oui,IN-2015-SC2038027-42306,Asie de l'Est
Oui,IT-2012-JC1610564-41053,Europe du Sud
Oui,CA-2015-LE16810140-42348,Ouest des États-Unis
Oui,US-2013-BB1099036-41379,Caraïbes
Oui,TU-2013-AH195134-41319,Asie de l'Ouest
Oui,MX-2014-TS2120518-41791,Amérique du Sud
Oui,IR-2012-FH436560-41114,Asie du Sud
Oui,MX-2014-SH2039582-41895,Amérique centrale
Oui,US-2014-GT14710140-41980,Ouest des États-Unis
Oui,IR-2014-BN151560-41880,Asie du Sud
Oui,ES-2012-SH2039545-40914,Europe de l'Ouest
Oui,SA-2013-SC10260110-41451,Asie de l'Ouest
Oui,CA-2014-BD11605140-41742,Sud des États-Unis
Oui,IN-2012-VD2167059-41269,Asie du Sud-Est
Oui,ES-2015-MY17380120-42316,Europe du Sud
Oui,CA-2015-LC16870140-42091,Sud des États-Unis
Oui,IN-2012-TR2132527-41188,Asie de l'Est
Oui,IN-2014-JC1538558-41815,Asie du Sud
Oui,MX-2012-NG1843018-41201,Amérique du Sud
Oui,EG-2015-DM301538-42367,Afrique du Nord
Oui,BU-2014-CS186019-41993,Europe de l'Est
Oui,ID-2014-CT11995118-41810,Asie de l'Est
Oui,IN-2012-EH139907-41140,Océanie
Oui,CA-2012-RD19585140-41000,Sud des États-Unis
Oui,CA-2015-CW11905140-42138,Est des États-Unis
Oui,MX-2014-NC1862593-41955,Amérique centrale
Oui,MX-2013-RB1936082-41552,Amérique centrale
Oui,IN-2012-AS1028527-41034,Asie de l'Est
Oui,IN-2014-AO108107-41721,Océanie
Oui,MX-2015-HG1484536-42070,Caraïbes
Oui,ID-2015-JE1561097-42193,Asie du Sud
Oui,ES-2014-CY1274564-41726,Europe du Sud
Oui,IR-2014-SM1095060-41746,Asie du Sud
Oui,US-2012-PB1915055-41157,Amérique centrale
Oui,ES-2014-JB1600048-41856,Europe de l'Ouest
Oui,ES-2015-JC1577548-42328,Europe de l'Ouest
Oui,IT-2014-LP1708091-41907,Europe de l'Ouest
Oui,MX-2012-ME1732018-41164,Amérique du Sud
Oui,CA-2014-TS21655140-41999,Sud des États-Unis
Oui,ES-2015-SV20935139-42369,Europe du Nord
Oui,MX-2015-CJ12010141-42298,Amérique du Sud
Oui,CA-2012-SH20395140-41214,Ouest des États-Unis
Oui,IN-2013-GM1445527-41622,Asie de l'Est
Oui,CA-2013-MS17530140-41579,Sud des États-Unis
Oui,US-2013-HD1478598-41583,Amérique centrale
Oui,US-2015-CB1202582-42305,Amérique centrale
Oui,CA-2015-BH11710140-42346,Sud des États-Unis
Oui,MX-2012-MO1750016-41222,Amérique du Sud
Oui,ES-2012-MG17890139-41257,Europe du Nord
Oui,CA-2013-PO19195140-41598,Est des États-Unis
Oui,ES-2015-KW1643545-42032,Europe de l'Ouest
Oui,CA-2013-SS20515140-41479,Sud des États-Unis
Oui,MX-2012-RL1961539-40965,Amérique centrale
Oui,MX-2014-SZ2003531-41822,Caraïbes
Oui,ID-2013-BT115307-41508,Océanie
Oui,MX-2012-TG2131018-41132,Amérique du Sud
Oui,CA-2012-TT21070140-41159,Sud des États-Unis
Oui,CA-2015-TS21505140-42316,Ouest des États-Unis
Oui,ES-2013-AW1084064-41519,Europe du Sud
Oui,CA-2015-DV13045140-42350,Sud des États-Unis
Oui,ES-2015-BP11185139-42175,Europe du Nord
Oui,US-2015-EB13930140-42208,Centre des États-Unis
Oui,ES-2014-RS1942048-41831,Europe de l'Ouest
Oui,CG-2012-MM828033-40983,Afrique centrale
Oui,MX-2013-JD1589536-41523,Caraïbes
Oui,IN-2014-DB1291027-41870,Asie de l'Est
Oui,ES-2014-DV1346564-41961,Europe du Sud
Oui,MX-2015-JK1564055-42174,Amérique centrale
Oui,CA-2015-LW17215140-42106,Ouest des États-Unis
Oui,MX-2012-PM1894031-41208,Caraïbes
Oui,BU-2012-EH394519-41265,Europe de l'Est
Oui,MX-2012-VM2183551-41185,Amérique centrale
Oui,CA-2012-AZ10750140-40992,Est des États-Unis
Oui,IT-2015-KB1631564-42301,Europe du Sud
Oui,IT-2015-EK13795139-42277,Europe du Nord
Oui,ID-2015-AS1009058-42316,Asie du Sud
Oui,MX-2015-MC1742593-42304,Amérique centrale
Oui,MX-2014-DW1358531-41779,Caraïbes
Oui,ES-2015-AB1016545-42356,Europe de l'Ouest
Oui,MX-2015-DG1330093-42319,Amérique centrale
Oui,MX-2013-SW2027536-41587,Caraïbes
Oui,MX-2015-SP2065082-42257,Amérique centrale
Oui,IN-2014-CC125507-41963,Océanie
Oui,ES-2015-CW11905139-42288,Europe du Nord
Oui,ZA-2015-SW10350146-42061,Afrique de l'Est
Oui,IN-2015-PR1888027-42125,Asie de l'Est
Oui,ES-2014-DB1327045-41689,Europe de l'Ouest
Oui,ES-2012-PM1894045-41145,Europe de l'Ouest
Oui,CA-2013-AG10495140-41571,Centre des États-Unis
Oui,ES-2012-CD1198048-41151,Europe de l'Ouest
Oui,ES-2015-SF20200139-42229,Europe du Nord
Oui,MX-2012-BD1150093-41041,Amérique centrale
Oui,ES-2015-BE11410120-42225,Europe du Sud
Oui,BN-2012-RW963015-41216,Afrique de l'Ouest
Oui,US-2014-HP148155-41906,Amérique du Sud
Oui,ES-2015-BF11170139-42174,Europe du Nord
Oui,IN-2015-DB129707-42152,Océanie
Oui,CA-2012-EH13765140-41199,Est des États-Unis
Oui,IN-2012-BB115457-41194,Océanie
Oui,IN-2012-SG206057-40978,Océanie
Oui,IN-2015-RH1951011-42040,Asie du Sud
Oui,ZA-2014-JW6075146-41739,Afrique de l'Est
Oui,ES-2012-JA15970139-41080,Europe du Nord
Oui,IN-2012-JR1567027-41031,Asie de l'Est
Oui,ES-2013-JE1547545-41450,Europe de l'Ouest
Oui,IT-2014-LS1720064-41954,Europe du Sud
Oui,IN-2014-CA1226527-41794,Asie de l'Est
Oui,UP-2014-AA645137-41807,Europe de l'Est
Oui,NI-2014-MH745595-41696,Afrique de l'Ouest
Oui,ID-2015-EJ1415592-42299,Océanie
Oui,ID-2014-KD1649559-41807,Asie du Sud-Est
Oui,ES-2014-DK1298548-41711,Europe de l'Ouest
Oui,BU-2014-MH745519-41670,Europe de l'Est
Oui,ID-2015-NR18550102-42078,Asie du Sud-Est
Oui,IN-2012-JH1591027-41262,Asie de l'Est
Oui,IN-2012-JL151307-40988,Océanie
Oui,IT-2015-AG1049545-42229,Europe de l'Ouest
Oui,CA-2014-JF15565140-41686,Est des États-Unis
Oui,IN-2014-SH2063527-41858,Asie de l'Est
Oui,IN-2015-LD1700558-42285,Asie du Sud
Oui,LO-2012-JL5850114-41121,Europe de l'Est
Oui,BO-2014-KH636013-41859,Europe de l'Est
Oui,US-2013-EM1382555-41579,Amérique centrale
Oui,IT-2015-MB1808591-42145,Europe de l'Ouest
Oui,SF-2014-EL3735117-41875,Afrique australe
Oui,TU-2014-JF5565134-41818,Asie de l'Ouest
Oui,MX-2014-BM1114055-41961,Amérique centrale
Oui,TU-2015-SW10275134-42311,Asie de l'Ouest
Oui,ES-2014-SS208758-41683,Europe de l'Ouest
Oui,US-2014-BW1120018-41979,Amérique du Sud
Oui,IN-2013-TD20995130-41609,Asie du Sud-Est
Oui,ES-2015-KB1660096-42048,Europe du Nord
Oui,IN-2015-Dl1360058-42364,Asie du Sud
Oui,ES-2014-MB18085139-41956,Europe du Nord
Oui,IT-2015-AR10345139-42116,Europe du Nord
Oui,IN-2013-JG1531027-41602,Asie de l'Est
Oui,ES-2014-MC1810045-41982,Europe de l'Ouest
Oui,CA-2015-HG15025140-42363,Est des États-Unis
Oui,MO-2015-AB25586-42117,Afrique du Nord
Oui,US-2012-CS1246036-41247,Caraïbes
Oui,ES-2014-JD1606045-41699,Europe de l'Ouest
Oui,MX-2013-EM1381018-41552,Amérique du Sud
Oui,MX-2015-MY1829582-42321,Amérique centrale
Oui,CA-2015-KH16330140-42329,Est des États-Unis
Oui,ES-2014-MG18205139-41867,Europe du Nord
Oui,CA-2015-DO13645140-42343,Est des États-Unis
Oui,IN-2014-ML177557-41922,Océanie
Oui,SA-2015-AR570110-42299,Asie de l'Ouest
Oui,US-2015-LH16900140-42348,Centre des États-Unis
Oui,CA-2015-JE15745140-42111,Ouest des États-Unis
Oui,CA-2013-MV17485140-41450,Centre des États-Unis
Oui,IT-2012-KH16690104-41037,Europe du Sud
Oui,IN-2015-SL2015558-42222,Asie du Sud
Oui,MX-2012-KM1672018-41242,Amérique du Sud
Oui,ID-2014-DB132107-41934,Océanie
Oui,IN-2012-CM1223527-41248,Asie de l'Est
Oui,IN-2014-BD116207-41650,Océanie
Oui,CA-2015-OT18730140-42304,Sud des États-Unis
Oui,AO-2013-JE57454-41544,Afrique centrale
Oui,EG-2014-SC1009538-41847,Afrique du Nord
Oui,ID-2013-GZ144707-41467,Océanie
Oui,ES-2015-MJ17740139-42073,Europe du Nord
Oui,IR-2014-MM805560-41990,Asie du Sud
Oui,IT-2014-TP2141545-41858,Europe de l'Ouest
Oui,ID-2013-TG21640102-41508,Asie du Sud-Est
Oui,IN-2014-LS172307-41954,Océanie
Oui,IN-2012-GM1444058-41200,Asie du Sud
Oui,TU-2012-AJ960134-40990,Asie de l'Ouest
Oui,CA-2014-PF19225140-41817,Sud des États-Unis
Oui,IN-2014-TB2162558-41724,Asie du Sud
Oui,MX-2012-ND1837082-41223,Amérique centrale
Oui,ID-2015-MG1814592-42132,Océanie
Oui,CA-2014-CA12265140-41677,Sud des États-Unis
Oui,SF-2012-MH7440117-41065,Afrique australe
Oui,MX-2012-AB1015093-41101,Amérique centrale
Oui,IZ-2015-EM396061-42110,Asie de l'Ouest
Oui,IN-2015-AW1084058-42083,Asie du Sud
Oui,ES-2015-PS1897045-42179,Europe de l'Ouest
Oui,ES-2013-WB2185064-41587,Europe du Sud
Oui,CA-2015-NC18535140-42096,Ouest des États-Unis
Oui,MX-2014-LS1697518-41666,Amérique du Sud
Oui,IN-2012-SB2018559-41157,Asie du Sud-Est
Oui,ML-2014-BD177079-41893,Afrique de l'Ouest
Oui,MX-2015-CM1244582-42354,Amérique centrale
Oui,MX-2012-AW1084082-41192,Amérique centrale
Oui,MX-2015-CL1270093-42180,Amérique centrale
Oui,CA-2015-CC12475140-42278,Est des États-Unis
Oui,MX-2014-AH1069093-41990,Amérique centrale
Oui,AO-2013-SF102004-41628,Afrique centrale
Oui,MX-2014-SZ2003518-41703,Amérique du Sud
Oui,EG-2015-RA994538-42342,Afrique du Nord
Oui,TU-2015-AG495134-42130,Asie de l'Ouest
Oui,IN-2012-PR1888058-41013,Asie du Sud
Oui,ES-2015-CS1235548-42010,Europe de l'Ouest
Oui,IN-2015-MH1811558-42185,Asie du Sud
Oui,IN-2015-JP1546058-42258,Asie du Sud
Oui,IR-2015-CA196560-42201,Asie du Sud
Oui,MX-2013-AF1087026-41536,Amérique du Sud
Oui,US-2012-JF15490140-41269,Ouest des États-Unis
Oui,IN-2015-PS18760102-42263,Asie du Sud-Est
Oui,ES-2014-KT1646548-41678,Europe de l'Ouest
Oui,ES-2014-MC1760548-41900,Europe de l'Ouest
Oui,MX-2014-BE1145531-41650,Caraïbes
Oui,CA-2015-BP11095140-42352,Est des États-Unis
Oui,CG-2014-ML775533-41740,Afrique centrale
Oui,ID-2014-CV1280527-41773,Asie de l'Est
Oui,SA-2013-RF9840110-41277,Asie de l'Ouest
Oui,SF-2012-AG675117-40976,Afrique australe
Oui,US-2015-CR12820140-42284,Est des États-Unis
Oui,ES-2013-MB1808545-41629,Europe de l'Ouest
Oui,IN-2015-SC20260130-42032,Asie du Sud-Est
Oui,IN-2012-TS211607-41179,Océanie
Oui,IZ-2015-MO795061-42271,Asie de l'Ouest
Oui,MX-2014-LL1684039-41853,Amérique centrale
Oui,ES-2013-EB14110139-41528,Europe du Nord
Oui,CA-2015-BT11530140-42278,Ouest des États-Unis
Oui,ES-2013-LC1714064-41409,Europe du Sud
Oui,US-2013-DG13300140-41458,Est des États-Unis
Oui,CA-2014-IG15085140-41808,Ouest des États-Unis
Oui,ES-2015-LO17170139-42166,Europe du Nord
Oui,IN-2015-SS2059059-42364,Asie du Sud-Est
Oui,AG-2014-CP20853-41889,Afrique du Nord
Oui,US-2012-AB1025582-40928,Amérique centrale
Oui,TU-2014-PK8910134-41798,Asie de l'Ouest
Oui,IT-2015-JW1522091-42234,Europe de l'Ouest
Oui,CA-2013-RH19510140-41544,Ouest des États-Unis
Oui,ES-2014-DM13015120-41856,Europe du Sud
Oui,NI-2013-JB600095-41621,Afrique de l'Ouest
Oui,US-2015-TC2114555-42166,Amérique centrale
Oui,IT-2013-DJ1351064-41352,Europe du Sud
Oui,IN-2012-DB131207-41257,Océanie
Oui,IZ-2015-EH412561-42161,Asie de l'Ouest
Oui,US-2013-KB16315140-41318,Est des États-Unis
Oui,CA-2015-CV12805140-42025,Est des États-Unis
Oui,MX-2015-AG1052518-42357,Amérique du Sud
Oui,IN-2012-MP179657-41242,Océanie
Oui,IN-2015-PG1882097-42251,Asie du Sud
Oui,ES-2012-SW2024548-41073,Europe de l'Ouest
Oui,IT-2012-MC1742548-41177,Europe de l'Ouest
Oui,TU-2012-CS1845134-41235,Asie de l'Ouest
Oui,CA-2015-SC20725140-42182,Est des États-Unis
Oui,ES-2015-TP21415139-42251,Europe du Nord
Oui,CA-2015-RA19915140-42357,Ouest des États-Unis
Oui,ES-2014-SV2093545-41674,Europe de l'Ouest
Oui,KZ-2015-RM975068-42228,Asie centrale
Oui,KG-2015-RH955570-42340,Asie centrale
Oui,IT-2015-JS1603045-42229,Europe de l'Ouest
Oui,CA-2015-LW16990140-42336,Ouest des États-Unis
Oui,IN-2015-SS2059059-42236,Asie du Sud-Est
Oui,IN-2012-LH1715559-40968,Asie du Sud-Est
Oui,US-2015-TT21220140-42186,Ouest des États-Unis
Oui,SF-2015-RS9765117-42224,Afrique australe
Oui,ID-2014-JF153557-41649,Océanie
Oui,IT-2014-CA12310139-41961,Europe du Nord
Oui,ES-2015-SL2015545-42335,Europe de l'Ouest
Oui,IT-2014-DB1312091-41894,Europe de l'Ouest
Oui,IT-2015-DB13555139-42063,Europe du Nord
Oui,CA-2012-DB13360140-41231,Ouest des États-Unis
Oui,CA-2013-NW18400140-41599,Ouest des États-Unis
Oui,MX-2013-TB2128039-41278,Amérique centrale
Oui,ES-2012-JC1577548-41195,Europe de l'Ouest
Oui,ES-2012-KB162408-41191,Europe de l'Ouest
Oui,IN-2014-VF2171527-41819,Asie de l'Est
Oui,MO-2015-AB60086-42173,Afrique du Nord
Oui,ID-2012-LH1715592-41091,Océanie
Oui,ES-2014-BP11230139-41970,Europe du Nord
Oui,IN-2015-DF1313559-42360,Asie du Sud-Est
Oui,ES-2015-DK13375139-42082,Europe du Nord
Oui,US-2015-RM197505-42122,Amérique du Sud
Oui,CA-2015-EH14125140-42035,Ouest des États-Unis
Oui,IN-2013-DR12880144-41384,Asie du Sud-Est
Oui,IN-2015-RH196007-42179,Océanie
Oui,ES-2015-JW152208-42033,Europe de l'Ouest
Oui,CA-2013-GB14530140-41583,Sud des États-Unis
Oui,IN-2015-NK1849058-42154,Asie du Sud
Oui,CA-2015-TD20995140-42118,Est des États-Unis
Oui,MX-2014-JR1570039-41955,Amérique centrale
Oui,ID-2014-TB21280130-41884,Asie du Sud-Est
Oui,NG-2013-NB858094-41469,Afrique de l'Ouest
Oui,CA-2015-EP13915140-42316,Est des États-Unis
Oui,ID-2015-JC1538592-42039,Océanie
Oui,ES-2014-AH10585139-41920,Europe du Nord
Oui,MX-2015-CR1273051-42262,Amérique centrale
Oui,ES-2012-AB1016545-40957,Europe de l'Ouest
Oui,ES-2014-AG1039045-41685,Europe de l'Ouest
Oui,GG-2012-BS159047-41184,Asie de l'Ouest
Oui,IN-2014-DW131957-41982,Océanie
Oui,IT-2014-BS1166562-41864,Europe du Nord
Oui,IN-2013-MY1738058-41545,Asie du Sud
Oui,MX-2012-KD1634518-40977,Amérique du Sud
Oui,IT-2013-CA1205591-41545,Europe de l'Ouest
Oui,CA-2013-NF847523-41549,Ouest du Canada
Oui,CA-2015-SG20605140-42120,Ouest des États-Unis
Oui,US-2015-FW1439518-42306,Amérique du Sud
Oui,SG-2015-BE1410111-42348,Afrique de l'Ouest
Oui,CA-2015-LT17110140-42335,Est des États-Unis
Oui,US-2013-AB10105101-41446,Amérique du Sud
Oui,SO-2014-GM4455116-41984,Afrique de l'Est
Oui,ES-2015-NH1861048-42299,Europe de l'Ouest
Oui,CA-2013-AH10690140-41639,Centre des États-Unis
Oui,ML-2013-GW460579-41403,Afrique de l'Ouest
Oui,PL-2013-JF5190103-41443,Europe de l'Est
Oui,ID-2013-TC2114527-41594,Asie de l'Est
Oui,CA-2013-ES14020140-41384,Centre des États-Unis
Oui,IN-2012-SC2057559-41146,Asie du Sud-Est
Oui,CA-2013-SJ20215140-41461,Ouest des États-Unis
Oui,ES-2015-PC1900045-42227,Europe de l'Ouest
Oui,US-2013-KA1652582-41360,Amérique centrale
Oui,IZ-2015-JM525061-42235,Asie de l'Ouest
Oui,MA-2012-TZ1144577-41037,Afrique de l'Est
Oui,US-2013-CD1198055-41594,Amérique centrale
Oui,IT-2015-JK1609048-42097,Europe de l'Ouest
Oui,ES-2013-CS1225048-41579,Europe de l'Ouest
Oui,CA-2014-BC11125140-41846,Ouest des États-Unis
Oui,MX-2015-CM1211528-42296,Amérique du Sud
Oui,ES-2015-AM10705120-42213,Europe du Sud
Oui,US-2013-LB1679555-41462,Amérique centrale
Oui,CA-2012-KN16390140-41244,Est des États-Unis
Oui,MO-2015-LA678086-42168,Afrique du Nord
Oui,CA-2015-GM14455140-42353,Centre des États-Unis
Oui,ES-2012-DM1295548-41100,Europe de l'Ouest
Oui,MX-2012-DM1301593-40971,Amérique centrale
Oui,IN-2014-HM1486092-41679,Océanie
Oui,ID-2015-SS205907-42361,Océanie
Oui,IT-2013-GT14710125-41392,Europe de l'Ouest
Oui,ID-2015-MG1768092-42032,Océanie
Oui,IN-2015-VP2173058-42024,Asie du Sud
Oui,ES-2013-HG14965120-41571,Europe du Sud
Oui,IR-2012-JF529560-40988,Asie du Sud
Oui,US-2014-KD16495140-41976,Ouest des États-Unis
Oui,MX-2015-FG142605-42318,Amérique du Sud
Oui,ES-2012-SV20365120-41132,Europe du Sud
Oui,US-2014-DL12925101-41646,Amérique du Sud
Oui,NI-2012-DV304595-41121,Afrique de l'Ouest
Oui,ES-2013-GT1475545-41597,Europe de l'Ouest
Oui,ID-2014-CK1220527-41948,Asie de l'Est
Oui,ES-2013-PB18805120-41591,Europe du Sud
Oui,EG-2012-MC727538-41130,Afrique du Nord
Oui,IN-2013-AM1070527-41535,Asie de l'Est
Oui,ES-2012-JH16180139-41090,Europe du Nord
Oui,ID-2013-TM210107-41492,Océanie
Oui,ID-2015-CJ1187597-42147,Asie du Sud
Oui,ES-2014-TS2116045-41817,Europe de l'Ouest
Oui,CA-2014-ES14080140-41737,Est des États-Unis
Oui,US-2015-GT1471055-42299,Amérique centrale
Oui,IN-2014-PW1903058-41999,Asie du Sud
Oui,ID-2012-NB1858092-41241,Océanie
Oui,IN-2014-TS211607-41875,Océanie
Oui,IN-2013-RH195107-41573,Océanie
Oui,US-2015-JH1543055-42328,Amérique centrale
Oui,US-2014-PK19075140-41907,Est des États-Unis
Oui,IN-2013-MG176957-41542,Océanie
Oui,IR-2013-PK891060-41342,Asie du Sud
Oui,MX-2014-ML1775593-41795,Amérique centrale
Oui,IT-2014-VP2173048-41990,Europe de l'Ouest
Oui,CA-2013-LS17245140-41629,Sud des États-Unis
Oui,ES-2012-BM1178545-41144,Europe de l'Ouest
Oui,PL-2012-LL6840103-41137,Europe de l'Est
Oui,IN-2014-SC205757-41662,Océanie
Oui,CA-2012-RP19270140-41200,Ouest des États-Unis
Oui,SF-2013-KN6390117-41614,Afrique australe
Oui,MX-2015-DA1345051-42180,Amérique centrale
Oui,CA-2013-BM11575140-41532,Est des États-Unis
Oui,CA-2015-JC16105140-42301,Est des États-Unis
Oui,NI-2012-SP1086095-41090,Afrique de l'Ouest
Oui,IT-2012-RS1987091-41200,Europe de l'Ouest
Oui,CA-2013-SM20950140-41627,Centre des États-Unis
Oui,ES-2014-AS1009045-41885,Europe de l'Ouest
Oui,MX-2014-SK1999082-41922,Amérique centrale
Oui,IT-2013-VW2177545-41580,Europe de l'Ouest
Oui,ES-2012-AI1085548-41187,Europe de l'Ouest
Oui,CA-2014-NZ18565140-41964,Est des États-Unis
Oui,ES-2015-ES1402045-42032,Europe de l'Ouest
Oui,SA-2012-LC6870110-41121,Asie de l'Ouest
Oui,ES-2012-KN16705120-41257,Europe du Sud
Oui,TU-2015-EN3780134-42164,Asie de l'Ouest
Oui,CA-2013-MS17365140-41632,Ouest des États-Unis
Oui,MX-2013-JC1538528-41574,Amérique du Sud
Oui,RW-2015-BG1740109-42353,Afrique de l'Est
Oui,MX-2015-EL1373536-42278,Caraïbes
Oui,ES-2012-JK1564048-41191,Europe de l'Ouest
Oui,IN-2015-JH159857-42221,Océanie
Oui,CA-2012-ML17395140-41194,Est des États-Unis
Oui,IR-2013-CM193560-41296,Asie du Sud
Oui,MX-2015-BD1172537-42330,Amérique du Sud
Oui,ES-2013-BE1133564-41387,Europe du Sud
Oui,IT-2015-Dl1360048-42209,Europe de l'Ouest
Oui,CA-2012-RB19435140-41236,Centre des États-Unis
Oui,IR-2015-JD615060-42186,Asie du Sud
Oui,ID-2014-AG1076527-41872,Asie de l'Est
Oui,MX-2013-JM156555-41549,Amérique du Sud
Oui,IT-2013-DK1298564-41618,Europe du Sud
Oui,US-2014-MH1811554-41900,Caraïbes
Oui,IN-2013-MS17710113-41495,Asie du Sud-Est
Oui,ID-2014-KB16600144-41986,Asie du Sud-Est
Oui,ES-2014-SC2002045-41790,Europe de l'Ouest
Oui,CA-2012-LE16810140-41258,Sud des États-Unis
Oui,CA-2015-DM13345140-42347,Ouest des États-Unis
Oui,CA-2014-BC11125140-41864,Est des États-Unis
Oui,IN-2013-NP186707-41474,Océanie
Oui,TU-2014-JW5220134-41755,Asie de l'Ouest
Oui,CA-2014-RD19810140-41798,Est des États-Unis
Oui,IN-2015-JD1589558-42288,Asie du Sud
Oui,US-2014-VM21835140-41772,Ouest des États-Unis
Oui,MX-2013-EH1412555-41276,Amérique centrale
Oui,EZ-2012-PS904532-41150,Europe de l'Est
Oui,CA-2013-JD15895140-41620,Ouest des États-Unis
Oui,CA-2014-BD11620140-41707,Est des États-Unis
Oui,CA-2014-JH15985140-41888,Ouest des États-Unis
Oui,ES-2015-PO18850139-42264,Europe du Nord
Oui,CG-2015-PV898533-42225,Afrique centrale
Oui,MX-2013-CD1279082-41521,Amérique centrale
Oui,US-2012-DK1283536-40939,Caraïbes
Oui,SF-2013-PF9165117-41490,Afrique australe
Oui,MX-2014-ES1402082-41929,Amérique centrale
Oui,IT-2015-RB19570120-42181,Europe du Sud
Oui,CA-2014-TZ1144523-41985,Est du Canada
Oui,RS-2015-BP1230108-42132,Europe de l'Est
Oui,CA-2015-SR20425140-42361,Sud des États-Unis
Oui,CA-2013-JK16120140-41551,Est des États-Unis
Oui,IN-2014-LM1706566-41893,Asie de l'Est
Oui,CA-2014-ON18715140-41710,Centre des États-Unis
Oui,US-2014-RB19570140-41886,Centre des États-Unis
Oui,MX-2014-TG216405-41952,Amérique du Sud
Oui,US-2015-LR1691518-42180,Amérique du Sud
Oui,NI-2015-MK790595-42144,Afrique de l'Ouest
Oui,UP-2014-LL6840137-41670,Europe de l'Est
Oui,ES-2015-LT1711045-42025,Europe de l'Ouest
Oui,TU-2012-FG4260134-41177,Asie de l'Ouest
Oui,IT-2014-AT1043591-41795,Europe de l'Ouest
Oui,CA-2015-JF15415140-42367,Est des États-Unis
Oui,IT-2012-RD19930120-41222,Europe du Sud
Oui,IR-2014-BD162060-41820,Asie du Sud
Oui,ES-2015-CM1223545-42327,Europe de l'Ouest
Oui,MX-2015-MS1798028-42300,Amérique du Sud
Oui,UP-2015-RK9300137-42341,Europe de l'Est
Oui,CA-2015-MA17560140-42298,Est des États-Unis
Oui,US-2013-HD1478555-41565,Amérique centrale
Oui,MX-2013-BS1136536-41595,Caraïbes
Oui,CA-2012-RH19495140-41143,Est des États-Unis
Oui,ET-2014-SV1081543-41814,Afrique de l'Est
Oui,MX-2013-AP1091536-41528,Caraïbes
Oui,MX-2015-RH1951082-42262,Amérique centrale
Oui,CA-2013-JC16105140-41520,Sud des États-Unis
Oui,ES-2012-MP1817564-41187,Europe du Sud
Oui,US-2013-RR19525140-41613,Sud des États-Unis
Oui,ES-2013-GT14710139-41614,Europe du Nord
Oui,EK-2014-EP391540-41947,Afrique centrale
Oui,ID-2012-TC2129527-41137,Asie de l'Est
Oui,MX-2014-TM2149039-41923,Amérique centrale
Oui,TU-2015-EB3840134-42326,Asie de l'Ouest
Oui,MX-2013-DW1348051-41548,Amérique centrale
Oui,US-2014-GK14620101-41744,Amérique du Sud
Oui,MX-2012-PF1912028-41059,Amérique du Sud
Oui,IZ-2013-GZ454561-41314,Asie de l'Ouest
Oui,CA-2015-SC20380140-42039,Sud des États-Unis
Oui,IN-2015-BS11590102-42287,Asie du Sud-Est
Oui,MX-2012-MF1766582-41174,Amérique centrale
Oui,TU-2015-CS1860134-42042,Asie de l'Ouest
Oui,MX-2013-SS2059093-41565,Amérique centrale
Oui,MX-2015-PR1888018-42153,Amérique du Sud
Oui,PL-2014-BM1650103-41888,Europe de l'Est
Oui,CA-2015-DK13090140-42279,Centre des États-Unis
Oui,ID-2014-RB19330102-41767,Asie du Sud-Est
Oui,MX-2013-RW1963082-41528,Amérique centrale
Oui,IT-2012-BD1172591-40992,Europe de l'Ouest
Oui,TU-2015-SW10350134-42024,Asie de l'Ouest
Oui,US-2014-SG2008055-41769,Amérique centrale
Oui,ES-2012-AR104058-41127,Europe de l'Ouest
Oui,CG-2015-DW358533-42341,Afrique centrale
Oui,CA-2012-HP14815140-41236,Sud des États-Unis
Oui,ID-2013-AS1022559-41392,Asie du Sud-Est
Oui,PL-2015-ML8265103-42252,Europe de l'Est
Oui,ES-2014-BD1132048-41992,Europe de l'Ouest
Oui,CA-2015-JH15430140-42329,Sud des États-Unis
Oui,CA-2015-NG18355140-42235,Est des États-Unis
Oui,MX-2012-MM1805531-40978,Caraïbes
Oui,ES-2013-EH14125120-41573,Europe du Sud
Oui,ES-2015-BM1157545-42276,Europe de l'Ouest
Oui,ES-2015-CB1202545-42041,Europe de l'Ouest
Oui,IT-2014-AP1091564-41896,Europe du Sud
Oui,ES-2012-AG1049564-41254,Europe du Sud
Oui,ID-2013-GZ14545130-41605,Asie du Sud-Est
Oui,IN-2015-LH171557-42294,Océanie
Oui,US-2015-PN18775140-42339,Sud des États-Unis
Oui,ID-2015-GD1459092-42144,Océanie
Oui,IN-2014-IM1507058-41812,Asie du Sud
Oui,US-2012-JW1595555-41073,Amérique centrale
Oui,MX-2014-AG1076539-41887,Amérique centrale
Oui,ES-2015-LD1685548-42185,Europe de l'Ouest
Oui,US-2012-CW1190536-41241,Caraïbes
Oui,ID-2015-GM1445592-42334,Océanie
Oui,EG-2013-VG1179038-41590,Afrique du Nord
Oui,CA-2015-PN18775140-42120,Sud des États-Unis
Oui,ID-2012-RB193307-41261,Océanie
Oui,CA-2015-AG10675140-42272,Sud des États-Unis
Oui,EN-2015-MC760542-42174,Europe du Nord
Oui,US-2014-MG1814555-41928,Amérique centrale
Oui,CA-2015-RB19795140-42138,Ouest des États-Unis
Oui,IR-2014-DL286560-41950,Asie du Sud
Oui,CA-2015-PK19075140-42316,Est des États-Unis
Oui,ES-2014-EJ1415545-41901,Europe de l'Ouest
Oui,ES-2014-EB1397564-41814,Europe du Sud
Oui,MX-2012-JL1517582-41163,Amérique centrale
Oui,ES-2014-CP12340120-41738,Europe du Sud
Oui,US-2015-SC2084582-42125,Amérique centrale
Oui,TU-2013-AH585134-41367,Asie de l'Ouest
Oui,CA-2014-BM11575140-41964,Ouest des États-Unis
Oui,SI-2014-TC10980115-41955,Europe du Sud
Oui,ES-2012-VG2180548-41175,Europe de l'Ouest
Oui,MX-2014-Dp1324082-41960,Amérique centrale
Oui,IN-2015-MH1744027-42025,Asie de l'Est
Oui,IN-2015-TW2102578-42063,Asie du Sud-Est
Oui,IT-2015-FO1430564-42342,Europe du Sud
Oui,BO-2015-MS798013-42091,Europe de l'Est
Oui,CA-2012-ZC21910140-41271,Centre des États-Unis
Oui,ES-2012-AJ1094545-41239,Europe de l'Ouest
Oui,US-2015-RL19615140-42147,Ouest des États-Unis
Oui,NI-2012-SN1056095-41065,Afrique de l'Ouest
Oui,CA-2014-EH13945140-41655,Ouest des États-Unis
Oui,MX-2013-JP1552082-41440,Amérique centrale
Oui,IN-2015-CR126257-42046,Océanie
Oui,IN-2014-OT187307-41944,Océanie
Oui,MX-2013-MC1759039-41577,Amérique centrale
Oui,MX-2012-BF1127582-41039,Amérique centrale
Oui,TU-2014-EG3900134-41794,Asie de l'Ouest
Oui,CA-2013-TC21535140-41536,Sud des États-Unis
Oui,US-2015-EB1397518-42304,Amérique du Sud
Oui,ES-2015-JK1564064-42297,Europe du Sud
Oui,EG-2015-RM937538-42360,Afrique du Nord
Oui,MX-2014-PO1886593-41642,Amérique centrale
Oui,SA-2015-BB990110-42291,Asie de l'Ouest
Oui,US-2012-TS2108536-41070,Caraïbes
Oui,EG-2013-FA423038-41534,Afrique du Nord
Oui,ES-2013-SC20305139-41480,Europe du Nord
Oui,CA-2013-BP11095140-41481,Ouest des États-Unis
Oui,MO-2013-JW607586-41520,Afrique du Nord
Oui,ID-2015-NP18685102-42224,Asie du Sud-Est
Oui,ES-2015-JC16105139-42173,Europe du Nord
Oui,US-2015-RH1955518-42079,Amérique du Sud
Oui,CA-2014-WB21850140-41654,Est des États-Unis
Oui,IN-2013-SW202757-41585,Océanie
Oui,MX-2013-SC2077018-41329,Amérique du Sud
Oui,CA-2015-HM14980140-42122,Ouest des États-Unis
Oui,IR-2012-DV304560-40929,Asie du Sud
Oui,MX-2013-EJ1415516-41465,Amérique du Sud
Oui,CA-2012-EJ13720140-41258,Centre des États-Unis
Oui,CA-2015-SC20305140-42245,Centre des États-Unis
Oui,IS-2013-MY829563-41460,Asie de l'Ouest
Oui,ID-2015-LS172007-42133,Océanie
Oui,MX-2012-BT1130582-41158,Amérique centrale
Oui,ES-2015-CL1189064-42356,Europe du Sud
Oui,CA-2014-JG15160140-41910,Sud des États-Unis
Oui,ID-2014-MP1747059-41709,Asie du Sud-Est
Oui,SA-2013-GM4680110-41328,Asie de l'Ouest
Oui,MX-2012-TZ2158093-40955,Amérique centrale
Oui,CA-2012-RB19645140-41143,Ouest des États-Unis
Oui,CA-2012-IM15055140-40932,Ouest des États-Unis
Oui,IN-2015-BK1126027-42341,Asie de l'Est
Oui,US-2015-DB1355598-42119,Amérique centrale
Oui,MX-2012-AW1093031-40912,Caraïbes
Oui,MX-2014-HE1480082-41851,Amérique centrale
Oui,US-2013-ON18715140-41411,Centre des États-Unis
Oui,MX-2012-AH1046539-41185,Amérique centrale
Oui,TU-2012-FH4365134-41121,Asie de l'Ouest
Oui,ID-2013-RW1954097-41476,Asie du Sud
Oui,CA-2014-AM10360140-41837,Centre des États-Unis
Oui,CA-2013-FC14335140-41409,Est des États-Unis
Oui,IN-2015-IG1508566-42228,Asie de l'Est
Oui,IT-2014-EK1379591-41771,Europe de l'Ouest
Oui,ID-2015-TC2129559-42223,Asie du Sud-Est
Oui,CA-2014-BD11620140-41999,Est des États-Unis
Oui,CA-2014-RD19900140-41960,Ouest des États-Unis
Oui,ID-2012-TH21100118-41125,Asie de l'Est
Oui,IZ-2014-CA205561-41816,Asie de l'Ouest
Oui,CA-2013-TC21475140-41391,Ouest des États-Unis
Oui,AG-2014-RD95853-41712,Afrique du Nord
Oui,ID-2012-JE1574559-41234,Asie du Sud-Est
Oui,CA-2014-TS21160140-41702,Ouest des États-Unis
Oui,MX-2015-DK1289526-42090,Amérique du Sud
Oui,CA-2013-GB14530140-41528,Ouest des États-Unis
Oui,IN-2015-RD1948011-42109,Asie du Sud
Oui,ID-2015-RM197507-42129,Océanie
Oui,US-2013-PT1909018-41418,Amérique du Sud
Oui,CA-2014-AS10045140-41727,Sud des États-Unis
Oui,ES-2013-CS1246064-41368,Europe du Sud
Oui,MX-2015-SZ2003536-42216,Caraïbes
Oui,SF-2013-BD1620117-41376,Afrique australe
Oui,TU-2013-DL2925134-41534,Asie de l'Ouest
Oui,IN-2015-DB13660102-42089,Asie du Sud-Est
Oui,MX-2015-KC1625582-42259,Amérique centrale
Oui,EG-2014-SB1018538-41944,Afrique du Nord
Oui,ES-2015-NM18445139-42218,Europe du Nord
Oui,CM-2012-SC1068022-41009,Afrique centrale
Oui,CA-2014-TB21280140-41786,Est des États-Unis
Oui,ES-2012-AB1060064-40927,Europe du Sud
Oui,MX-2013-JC1534082-41392,Amérique centrale
Oui,MX-2014-CG1204031-41977,Caraïbes
Oui,UP-2014-CR2580137-41922,Europe de l'Est
Oui,NI-2015-JG516095-42235,Afrique de l'Ouest
Oui,MX-2014-HP1481582-41709,Amérique centrale
Oui,IN-2015-DK1289559-42281,Asie du Sud-Est
Oui,ES-2014-SJ2021548-41998,Europe de l'Ouest
Oui,IN-2014-BS1159027-42000,Asie de l'Est
Oui,US-2013-GM14500101-41366,Amérique du Sud
Oui,IN-2013-KM1666059-41574,Asie du Sud-Est
Oui,ID-2014-RP1927059-41918,Asie du Sud-Est
Oui,IN-2015-AS102857-42217,Océanie
Oui,US-2013-EJ1372018-41628,Amérique du Sud
Oui,IN-2015-CR128207-42270,Océanie
Oui,US-2014-FO14305140-41944,Sud des États-Unis
Oui,SF-2012-CC2685117-41263,Afrique australe
Oui,IT-2012-NF18385139-41237,Europe du Nord
Oui,CA-2015-EB13705140-42321,Est des États-Unis
Oui,US-2014-JE1574555-41971,Amérique centrale
Oui,ES-2013-TB2162548-41374,Europe de l'Ouest
Oui,CA-2015-JS594023-42346,Est du Canada
Oui,IN-2015-MH1811592-42116,Océanie
Oui,US-2013-MA1799536-41346,Caraïbes
Oui,IN-2012-JM15265144-41031,Asie du Sud-Est
Oui,CA-2012-JG15115140-41189,Sud des États-Unis
Oui,US-2015-CG1252055-42316,Amérique centrale
Oui,MX-2014-RR1931526-41951,Amérique du Sud
Oui,CA-2014-CK12595140-41711,Est des États-Unis
Oui,MX-2014-DM1295598-41807,Amérique centrale
Oui,MX-2012-BS1159039-41175,Amérique centrale
Oui,MX-2012-DS1318018-41081,Amérique du Sud
Oui,TU-2015-CS2355134-42101,Asie de l'Ouest
Oui,ID-2014-EB1397559-41919,Asie du Sud-Est
Oui,IN-2014-AC1061558-41808,Asie du Sud
Oui,EG-2012-NM844538-41002,Afrique du Nord
Oui,ES-2014-RB1964545-41859,Europe de l'Ouest
Oui,IN-2015-MA17995121-42230,Asie du Sud
Oui,NI-2013-EH376595-41500,Afrique de l'Ouest
Oui,IR-2015-BD162060-42252,Asie du Sud
Oui,IN-2014-PB19210130-41872,Asie du Sud-Est
Oui,IN-2015-AA1031558-42361,Asie du Sud
Oui,TZ-2015-BM1785129-42285,Afrique de l'Est
Oui,IV-2014-LC688529-41898,Afrique de l'Ouest
Oui,IN-2015-DL1292558-42167,Asie du Sud
Oui,EG-2015-NF838538-42060,Afrique du Nord
Oui,CA-2014-ND18370140-41963,Est des États-Unis
Oui,NI-2012-BM114095-41061,Afrique de l'Ouest
Oui,CA-2012-CM11815140-41226,Centre des États-Unis
Oui,ES-2015-CJ1201064-42323,Europe du Sud
Oui,IN-2015-MB180857-42172,Océanie
Oui,ES-2015-MJ1774045-42168,Europe de l'Ouest
Oui,ES-2015-HJ14875139-42013,Europe du Nord
Oui,CA-2012-CM11815140-41273,Centre des États-Unis
Oui,CA-2014-BT11680140-41751,Est des États-Unis
Oui,IN-2012-GM1444027-41128,Asie de l'Est
Oui,IN-2015-DK12985144-42112,Asie du Sud-Est
Oui,TU-2015-LP7080134-42185,Asie de l'Ouest
Oui,CA-2014-DP13390140-41784,Est des États-Unis
Oui,US-2014-AJ1078018-41752,Amérique du Sud
Oui,IT-2013-BW11065139-41370,Europe du Nord
Oui,ES-2015-GG1465048-42245,Europe de l'Ouest
Oui,CA-2012-PB19150140-41254,Sud des États-Unis
Oui,CA-2014-TT21265140-41915,Est des États-Unis
Oui,IR-2012-SS1051560-41125,Asie du Sud
Oui,CA-2012-RA988523-41160,Est du Canada
Oui,US-2015-ME17320140-42322,Centre des États-Unis
Oui,US-2012-GH1442598-41140,Amérique centrale
Oui,ES-2013-EC1405048-41520,Europe de l'Ouest
Oui,US-2015-GZ14470140-42362,Ouest des États-Unis
Oui,MX-2014-ML1741039-41935,Amérique centrale
Oui,MX-2012-DP1316582-41234,Amérique centrale
Oui,MX-2012-BD1163582-41249,Amérique centrale
Oui,MX-2015-CD1279080-42293,Caraïbes
Oui,IN-2014-DW1319559-41730,Asie du Sud-Est
Oui,IN-2015-JK1612058-42126,Asie du Sud
Oui,US-2014-AR104055-41906,Amérique du Sud
Oui,NI-2015-JG516095-42353,Afrique de l'Ouest
Oui,US-2012-SC20260140-41165,Centre des États-Unis
Oui,CA-2012-CM12715140-41177,Est des États-Unis
Oui,CA-2015-HM14860140-42221,Ouest des États-Unis
Oui,IN-2015-DK1337566-42155,Asie de l'Est
Oui,CA-2013-KC16255140-41473,Est des États-Unis
Oui,AL-2012-EM38252-41213,Europe du Sud
Oui,CA-2013-EH13945140-41465,Ouest des États-Unis
Oui,ES-2012-MZ1751545-41262,Europe de l'Ouest
Oui,US-2014-LH1675055-41840,Amérique centrale
Oui,MX-2015-LA1678051-42286,Amérique centrale
Oui,ID-2014-LB167957-41829,Océanie
Oui,CA-2015-LW17215140-42348,Centre des États-Unis
Oui,ES-2015-AM10705120-42017,Europe du Sud
Oui,TU-2014-SD10485134-41771,Asie de l'Ouest
Oui,US-2012-AH1046536-41234,Caraïbes
Oui,US-2012-DB1327036-41021,Caraïbes
Oui,CA-2014-LS16945140-41912,Est des États-Unis
Oui,MX-2015-QJ1925551-42255,Amérique centrale
Oui,ES-2015-AS1004564-42028,Europe du Sud
Oui,SG-2015-AG495111-42164,Afrique de l'Ouest
Oui,CA-2012-KC16675140-41255,Sud des États-Unis
Oui,CA-2015-JB16045140-42362,Est des États-Unis
Oui,ZA-2015-RC9960146-42257,Afrique de l'Est
Oui,ES-2012-TB21190139-40992,Europe du Nord
Oui,US-2013-GA1472598-41599,Amérique centrale
Oui,US-2013-TS2134055-41356,Amérique centrale
Oui,CA-2015-EH13765140-42027,Centre des États-Unis
Oui,TU-2015-SC10050134-42216,Asie de l'Ouest
Oui,CA-2014-CY12745140-41867,Ouest des États-Unis
Oui,KG-2015-FO430570-42318,Asie centrale
Oui,GH-2015-KD661549-42183,Afrique de l'Ouest
Oui,IT-2015-DK12895124-42312,Europe du Nord
Oui,CA-2013-DP13165140-41557,Centre des États-Unis
Oui,CA-2015-SP20860140-42276,Sud des États-Unis
Oui,IN-2015-RH1949559-42257,Asie du Sud-Est
Oui,CA-2013-BN11470140-41380,Est des États-Unis
Oui,NI-2013-EH412595-41541,Afrique de l'Ouest
Oui,ID-2013-PB18805130-41421,Asie du Sud-Est
Oui,TU-2015-SV10785134-42340,Asie de l'Ouest
Oui,US-2014-DJ1363018-41963,Amérique du Sud
Oui,US-2015-JE15610140-42321,Ouest des États-Unis
Oui,ID-2014-RH1949559-41984,Asie du Sud-Est
Oui,IN-2014-AJ109457-41793,Océanie
Oui,CA-2012-LT16765140-41152,Ouest des États-Unis
Oui,IN-2012-ST2053058-41058,Asie du Sud
Oui,CA-2012-PJ19015140-41005,Sud des États-Unis
Oui,MX-2014-DK1298518-41740,Amérique du Sud
Oui,ID-2014-SC2026092-41894,Océanie
Oui,UP-2013-DL2925137-41299,Europe de l'Est
Oui,AE-2014-MY7380138-42004,Asie de l'Ouest
Oui,ES-2015-LS1723045-42159,Europe de l'Ouest
Oui,TU-2014-MY8295134-41860,Asie de l'Ouest
Oui,MX-2014-KN1639082-41907,Amérique centrale
Oui,IT-2013-CA12310139-41538,Europe du Nord
Oui,CA-2014-LF17185140-41933,Est des États-Unis
Oui,CA-2015-SJ20125140-42105,Est des États-Unis
Oui,US-2013-DR12940140-41635,Centre des États-Unis
Oui,TU-2014-TC11145134-41656,Asie de l'Ouest
Oui,MX-2012-RE1940539-41195,Amérique centrale
Oui,ES-2013-ME1772545-41370,Europe de l'Ouest
Oui,CA-2013-MS17830140-41478,Est des États-Unis
Oui,IN-2015-DB13405144-42341,Asie du Sud-Est
Oui,US-2015-SC20050140-42278,Centre des États-Unis
Oui,IN-2014-DM1301527-41919,Asie de l'Est
Oui,CA-2014-DL13330140-41941,Est des États-Unis
Oui,MX-2012-AH1012082-41226,Amérique centrale
Oui,NG-2015-JC577594-42260,Afrique de l'Ouest
Oui,CA-2014-MG17890140-41703,Ouest des États-Unis
Oui,EG-2014-CS186038-41690,Afrique du Nord
Oui,US-2012-KT16465140-41168,Sud des États-Unis
Oui,NI-2013-DB321095-41521,Afrique de l'Ouest
Oui,CA-2013-PS19045140-41438,Est des États-Unis
Oui,TU-2015-AG675134-42099,Asie de l'Ouest
Oui,US-2015-SH1997555-42052,Amérique centrale
Oui,IT-2014-DO1364591-41870,Europe de l'Ouest
Oui,ES-2013-BF1100591-41501,Europe de l'Ouest
Oui,US-2012-JA1597055-41237,Amérique centrale
Oui,TU-2013-CR2730134-41324,Asie de l'Ouest
Oui,RO-2015-SA10830107-42012,Europe de l'Est
Oui,MX-2015-NF1859539-42209,Amérique centrale
Oui,NI-2014-JK562595-41779,Afrique de l'Ouest
Oui,MX-2015-SP2092055-42363,Amérique centrale
Oui,MX-2014-EH1418518-41915,Amérique du Sud
Oui,MX-2014-KL1664593-41733,Amérique centrale
Oui,NI-2015-BP105095-42249,Afrique de l'Ouest
Oui,CA-2015-ML17410140-42025,Centre des États-Unis
Oui,IN-2015-AH1069027-42181,Asie de l'Est
Oui,IN-2015-BE1141027-42249,Asie de l'Est
Oui,TU-2015-JD6015134-42327,Asie de l'Ouest
Oui,IN-2013-AS1028558-41354,Asie du Sud
Oui,US-2012-GR1456054-41082,Caraïbes
Oui,CA-2014-AB10255140-41936,Ouest des États-Unis
Oui,BN-2014-KB631515-41904,Afrique de l'Ouest
Oui,CA-2015-BD11725140-42276,Ouest des États-Unis
Oui,KZ-2012-PR888068-41144,Asie centrale
Oui,CA-2015-SC20575140-42236,Centre des États-Unis
Oui,CA-2015-GK14620140-42257,Centre des États-Unis
Oui,ZA-2015-MN7935147-42339,Afrique de l'Est
Oui,ES-2012-AA1064564-41268,Europe du Sud
Oui,IN-2015-MO178007-42363,Océanie
Oui,CA-2013-AI10855140-41628,Ouest des États-Unis
Oui,ES-2015-WB21850139-42248,Europe du Nord
Oui,AG-2014-CM21603-41755,Afrique du Nord
Oui,IN-2012-RC198257-41167,Océanie
Oui,IN-2013-JM152657-41576,Océanie
Oui,TU-2012-PF9165134-41074,Asie de l'Ouest
Oui,US-2012-TH21235140-41216,Ouest des États-Unis
Oui,US-2013-PF1916582-41445,Amérique centrale
Oui,CA-2015-AA10645140-42314,Ouest des États-Unis
Oui,ES-2012-MO17950120-41137,Europe du Sud
Oui,ES-2013-PB1915034-41373,Europe du Nord
Oui,NI-2014-CG204095-41856,Afrique de l'Ouest
Oui,NI-2015-EB411095-42174,Afrique de l'Ouest
Oui,IN-2014-KD16345144-41768,Asie du Sud-Est
Oui,IN-2015-LA16780102-42095,Asie du Sud-Est
Oui,IN-2014-SE2011066-41772,Asie de l'Est
Oui,ES-2015-AS1024064-42297,Europe du Sud
Oui,ZA-2014-LS6945147-41672,Afrique de l'Est
Oui,TU-2014-SF10965134-41992,Asie de l'Ouest
Oui,US-2014-LB16795140-41957,Centre des États-Unis
Oui,IN-2014-DA1345058-41769,Asie du Sud
Oui,US-2013-HG14845140-41530,Est des États-Unis
Oui,US-2013-SJ2021582-41543,Amérique centrale
Oui,CA-2015-EB13870140-42269,Est des États-Unis
Oui,EG-2014-PM894038-41846,Afrique du Nord
